{
  "version": 1,
  "author": "Anonymous maker",
  "editor": "wokwi",
  "parts": [
    { "type": "wokwi-esp32-devkit-v1", "id": "esp", "top": -48, "left": -95.33, "attrs": {} },
    { "type": "wokwi-hc-sr04", "id": "ultrasonic1", "top": -78.7, "left": 51.17, "attrs": {} }
  ],
  "connections": [
    [ "esp:TX0", "$serialMonitor:RX", "", [] ],
    [ "esp:RX0", "$serialMonitor:TX", "", [] ],
    [ "ultrasonic1:GND", "esp:GND.2", "black", [ "v143.9", "h-266.79", "v-56.67" ] ],
    [ "ultrasonic1:VCC", "esp:VIN", "red", [ "v133.24", "h-232.45", "v-37.33", "h0.67" ] ],
    [ "ultrasonic1:TRIG", "esp:D5", "green", [ "v0" ] ],
    [ "ultrasonic1:ECHO", "esp:D18", "green", [ "v0" ] ]
  ]
}